,Company,Positions,Reviews
0,10x Genomics,1,0.0
1,1199SEIU Family of Funds,1,133.0
2,1871,1,4.0
3,23andMe,17,4.0
4,24 Hour Fitness,1,2090.0
5,2M Research Services,1,2.0
6,2U,1,28.0
7,2rbConsulting,2,0.0
8,3D Systems,1,50.0
9,3Q Digital,1,9.0
10,605,1,0.0
11,6sense,1,0.0
12,7Cups,1,0.0
13,7Park Data,3,0.0
14,84.51°,3,2.0
15,A Place for Mom,2,105.0
16,A+E Networks,1,99.0
17,A-Line Staffing,1,63.0
18,A2e Technologies,1,0.0
19,AARP,1,889.0
20,AB Sciex Pte,1,0.0
21,ACADIA Pharmaceuticals Inc.,1,6.0
22,ACLU,4,70.0
23,ACT Commodities,1,0.0
24,ADMIN FOR CHILDREN'S SVCS,2,159.0
25,ADP,2,3973.0
26,AECOM,3,3332.0
27,AFL-CIO,1,8.0
28,AGC Biologics,2,0.0
29,AHA American Hospital Association,1,0.0
30,AI/IoT/Blockchain NewCo,1,0.0
31,AIG,5,2611.4
32,AIR Worldwide,4,17.0
33,AKCEA Therapeutics,3,0.0
34,ALS TDI,5,0.0
35,ALTA DEVICES INC,2,2.0
36,AMERICAN CANCER SOCIETY,2,959.0
37,AMP Agency,1,11.0
38,ANALYTICA,1,7.0
39,AP Staffing,3,8.0
40,"APEXIGEN, INC.",1,0.0
41,APTIM,1,34.0
42,ARYZTA Careers,1,414.0
43,ARiA,2,32.0
44,ASML,12,176.0
45,ASRC Federal Holding Company,1,78.0
46,ASTA CRS,1,0.0
47,AT&T,2,30064.0
48,AXA General Insurance,1,723.0
49,AXIS Insurance,2,22.0
50,AXS Group LLC,1,0.0
51,AbbVie,13,596.0
52,Abbott Laboratories,3,3109.6666666666665
53,Abcam,5,21.0
54,Academia.edu,1,0.0
55,Acadian Asset,1,0.0
56,"Accelrys, Inc.",4,0.0
57,Accenture,22,14199.545454545454
58,AccessLex Institute,1,2.0
59,Acima Spirits,1,0.0
60,Acumen LLC,3,13.0
61,Acuris,1,2.0
62,AdTheorent,1,2.0
63,Adaptive Management,2,2.0
64,Adecco,1,12906.0
65,Adobe,7,460.0
66,Aduro Biotech,1,0.0
67,"Advanced Decision Vectors, LLC",2,7.0
68,"Advanced Micro Devices, Inc.",8,357.0
69,Advanced Sciences and Technologies (AS&T),1,0.0
70,Advanced Technical Resources Inc.,2,0.0
71,"Advanced Technology Solutions, Inc",1,0.0
72,Advantage SCI,1,14.0
73,"Aegerion Pharmaceuticals, Inc.",1,0.0
74,Aegon,1,297.0
75,Aera Technology,3,0.0
76,AeroFarms,1,7.0
77,Aetna,4,3371.0
78,Affect Mental Health,3,0.0
79,Affinity Talent Group,2,0.0
80,Affirm,2,3.0
81,Affymetrix,1,42.0
82,"AgeX Therapeutics, Inc.",1,0.0
83,"Agilent Technologies, Inc.",1,496.0
84,Agios Pharmaceuticals,6,7.0
85,Ahrefs,1,0.0
86,Ahtna Environmental Inc,1,68.0
87,AiCure,1,2.0
88,AirSage,1,0.0
89,Airbnb,1,166.0
90,Akamai,1,168.0
91,Akebia Therapeutics,3,0.0
92,Aki Technologies,1,0.0
93,Akili Interactive,1,0.0
94,"Akima, LLC",1,207.0
95,Akrevia Therapeutics,2,0.0
96,Akuna Capital,4,6.0
97,AkzoNobel,1,1095.0
98,Alaka`ina Foundation Family of Companies,1,0.0
99,Alation Inc.,2,0.0
100,Albert Einstein College of Medicine,6,143.0
101,Alchemy Legal,1,0.0
102,Alcock & McFadden,2,0.0
103,Alere,1,397.0
104,"Alexion Pharmaceuticals,Inc.",4,82.0
105,Alexza Pharmaceuticals,1,4.0
106,Algorithmia,1,0.0
107,Alibaba,2,15.0
108,Alion Science and Technology,1,179.0
109,All-In Analytics,4,0.0
110,Allen Frontiers Group,1,0.0
111,Allen Institute,3,4.0
112,AllianceBernstein,3,61.0
113,AllianceData,1,931.0
114,Allianz Global Corporate & Specialty,3,458.0
115,Allstate,16,5374.5
116,Alnylam,18,14.0
117,Alpha,1,83.0
118,Alphasights: Engineering,1,0.0
119,"Alteryx, Inc.",1,5.0
120,Altice USA,1,1341.0
121,Amazon Go,1,0.0
122,Amazon.com,358,25827.650837988826
123,AmeriCorps,2,1984.0
124,American Century Investments,2,51.0
125,American Council of Life Insurers,1,4.0
126,American Council on Exercise,1,8.0
127,American Dental Association,1,23.0
128,American Environmental Assessment,1,2.0
129,American Express,3,5653.0
130,American Geophysical Union,2,12.0
131,American Institutes for Research,2,158.0
132,American Nursing Services,1,3.0
133,Ameriprise Financial,1,973.0
134,Amgen,28,999.0
135,Amobee,1,7.0
136,Amperity,1,0.0
137,"Amplify Education, Inc.",1,5.0
138,Amtrak,1,643.0
139,"Amyris, Inc.",2,0.0
140,Amyx Inc,1,21.0
141,Anaconda,2,34.0
142,Analysis Group,1,9.0
143,Analytic Recruiting,12,2.0
144,Analytics Associates,1,0.0
145,Androcles-Group,1,0.0
146,"Angiex, Inc.",1,0.0
147,Angle Technologies,1,0.0
148,Ann & Robert H. Lurie Children’s Hospital of Chicago,7,178.0
149,Annalect,3,7.0
150,Anokion,1,0.0
151,Anokion SA,1,0.0
152,"Anthem, Inc.",8,3182.0
153,Anton Paar,1,18.0
154,"Apex Companies, LLC",1,34.0
155,Apex Life Sciences,2,31.0
156,"Apex Staffing, Inc.",1,0.0
157,Apixio,3,0.0
158,App Info,1,0.0
159,AppNexus,1,9.0
160,Apple,17,5785.64705882353
161,Applecart,2,0.0
162,Applied Memetics LLC,1,22.0
163,"Applied Research Associates, Inc",1,39.0
164,Applied Systems Inc.,2,74.0
165,Aptevo,2,0.0
166,Aptiv,2,41.0
167,Aptus Health,1,5.0
168,Aramco Services Company,1,15.0
169,Arbor Biotechnologies,1,0.0
170,Arcadis,1,252.0
171,Arch,1,34.0
172,"ArcherDX, INC.",5,0.0
173,Arcturus Therapeutics,1,2.0
174,Ardent Eagle Solutions,1,4.0
175,Aristotle,1,7.0
176,Arivale,1,0.0
177,Arm,4,31.0
178,Arosys,1,0.0
179,Array Architects Inc,1,0.0
180,Array BioPharma,1,8.0
181,Arth Systems,1,0.0
182,Arzeda,2,0.0
183,Ascent Services Group,2,11.0
184,Ashton Lane Group,4,0.0
185,Asian Americans Advancing Justice - Los Angeles,1,0.0
186,Asimov,1,0.0
187,Ask Media Group,2,0.0
188,Assembly,1,38.0
189,Association of American Medical Colleges,1,60.0
190,Astellas Pharmaceuticals,2,144.0
191,AstraZeneca,3,1412.0
192,Asuragen,4,8.0
193,Atkins,2,318.0
194,Atlantic Media,1,19.0
195,Atlas Research,1,8.0
196,Atlas Wearables,1,0.0
197,Atlassian,1,11.0
198,Atreca,5,0.0
199,Atrius Health,1,290.0
200,"Attorney General, Office of the",1,2.0
201,Audley Travel,1,3.0
202,Aurora Flight Sciences,1,33.0
203,AutoGrid Systems,1,0.0
204,Autodesk,20,315.0
205,Automattic Inc.,2,0.0
206,Autonomous Therapeutics,1,0.0
207,Avanade,2,194.0
208,Avenue Code,1,10.0
209,Averity,8,0.0
210,Aviva,1,868.0
211,Axcella Health,2,0.0
212,Axiom Exergy Inc,2,0.0
213,Axioma Inc.,1,0.0
214,Axon,3,43.0
215,Ayasdi,1,0.0
216,B3 Group Inc,2,0.0
217,BAE Systems,3,3090.0
218,BAIN & COMPANY,1,100.0
219,BARK,1,0.0
220,BGC Partners,2,36.0
221,BICP,3,3.0
222,BMO Financial Group,5,1749.0
223,BMW North America,2,1958.5
224,BNP Paribas,2,2166.0
225,BNY Mellon,11,2957.818181818182
226,BOEING,11,5549.909090909091
227,BOLD,2,5.0
228,Baidu USA,6,0.0
229,Baim Institute for Clinical Research,1,0.0
230,Ball Aerospace,187,108.0
231,Balyasny,2,5.0
232,Bank of America,18,21949.166666666668
233,Bank of America Merchant Services,1,159.0
234,Banks Environmental Data,1,0.0
235,Base Operations,1,0.0
236,Basepair,1,0.0
237,Bay Shore Staffing,1,0.0
238,Bayer,1,2409.0
239,Bayside Solutions,1,23.0
240,Beacon Hill Technologies,1,184.0
241,Beclyn Group Recruiting,1,0.0
242,Becton Dickinson & Company,1,893.0
243,Bed Bath & Beyond,2,4677.0
244,Beeswax,1,0.0
245,Belcan Government Services,2,4.0
246,Belkin,1,30.0
247,Benchling,2,0.0
248,Benenson Strategy Group,1,0.0
249,BenevolentAI,4,0.0
250,"Berkeley Lights, Inc.",3,0.0
251,Beth Israel Deaconess Medical Center,2,594.0
252,BetterUp,5,2.0
253,Betterment LLC,1,0.0
254,Bevi,1,0.0
255,Big Cloud,1,0.0
256,Big Mirror Labs,1,0.0
257,"BigBear, Inc.",1,8.0
258,Bind Benefits,1,0.0
259,BioDuro,2,0.0
260,BioMarin,13,13.846153846153847
261,BioMarin Pharmaceutical Inc.,1,67.0
262,BioPhase Solutions,6,8.0
263,"Biocept, Inc.",1,0.0
264,Biogen,30,358.0
265,Biolegend,5,19.0
266,"Biomatrica, Inc.",1,0.0
267,Bionano Genomics,2,2.0
268,Bionic Sciences Inc.,1,0.0
269,Biotech Partners,1,5.0
270,Bioverativ Therapeutics Inc,1,0.0
271,BitSight,2,0.0
272,Bizible,1,0.0
273,Black & Veatch,1,413.0
274,BlackLocus,3,0.0
275,BlackRock,1,335.0
276,BlackThorn Therapeutics,1,0.0
277,Blackboard Insurance,1,0.0
278,Blackstone Technology Group,1,15.0
279,Blockstack,1,0.0
280,BloomReach,1,3.0
281,Bloomberg,4,639.0
282,Bloomberg BNA,1,55.0
283,Bloomingdale's,1,1546.0
284,Blue Apron,1,418.0
285,Blue Bottle Coffee,2,10.0
286,"Blue Cross Blue Shield of IL, MT, NM, OK & TX",1,1387.0
287,Blue Health Intelligence,1,4.0
288,Blue Mesa Health,1,0.0
289,Blue Owl,2,0.0
290,Blue River Technology,1,0.0
291,BlueLabs Analytics,11,0.0
292,BlueRock Therapeutics,3,0.0
293,Bluecore,2,3.0
294,Blueocean Market Intelligence,2,20.0
295,Blueprint Medicines,7,0.0
296,Bluestar Genomics,1,0.0
297,Bold Metrics,1,0.0
298,Bolt Threads,1,0.0
299,"Bombfell, Inc.",1,0.0
300,Bonobos,2,15.0
301,Booz Allen Hamilton,8,1655.0
302,Bosch Group,3,3367.0
303,Bose,1,670.0
304,Boston Biomedical,2,13.0
305,Boston Children's Hospital,5,357.0
306,Boston Medical Center (BMC),3,427.0
307,Boston University,12,299.0
308,Bowery Farming,1,8.0
309,Boxed,1,12.0
310,Brad's Deals,2,0.0
311,Brain Corporation,3,0.0
312,BrainWorks,3,0.0
313,Brammer Bio,6,5.0
314,Bread Finance,2,0.0
315,BrickRed Systems,2,2.0
316,Bridges and Tunnels,1,0.0
317,Brigham & Women's Hospital(BWH),31,785.0
318,Bright Power,1,2.0
319,BrightBytes,3,0.0
320,Brighterion,1,24.0
321,Brightidea,1,2.0
322,Brillio,1,27.0
323,Bristol-Myers Squibb,18,1389.4444444444443
324,Broad Institute,49,32.0
325,Brokerage Consultants Inc.,1,0.0
326,Brookfield Asset Management,1,18.0
327,Brown Brothers Harriman,2,165.0
328,Bureau Veritas,1,1226.0
329,Burning Glass Technologies,1,6.0
330,Burns & McDonnell,22,152.0
331,Burson-Marsteller,1,49.0
332,Burst Inc.,1,0.0
333,Businesses UNITED TECHNOLOGIES CORP. HEADQUARTERS,3,831.0
334,Butterfly Network,1,0.0
335,BuzzFeed,14,30.0
336,C. R. Bard,1,259.0
337,C3 IoT,4,0.0
338,CA Technologies,3,726.0
339,CACI,5,1359.0
340,CAVA - Technology,2,0.0
341,CBRE,5,2058.4
342,CBS Corporate,2,933.0
343,CBS Television Network,1,20.0
344,CCC Information Services Inc.,2,64.0
345,CDK Global,24,230.0
346,CDM Smith,1,175.0
347,"CGH Technologies, Inc.",1,0.0
348,CGI,2,2065.0
349,CITIZENS BANK,1,2040.0
350,CMIC Group,1,0.0
351,CMTC,1,12.0
352,COMPTROLLER OF PUBLIC ACCOUNTS,1,2.0
353,CONSUMER AFFAIRS,1,10.0
354,CRISPR THERAPEUTICS,6,0.0
355,CSI Interfusion,1,0.0
356,CSRA,1,296.0
357,CTG,1,0.0
358,CUNA Mutual Group,1,141.0
359,CableLabs,1,10.0
360,Cabot Corporation,1,84.0
361,California Rehabilitation Institute,1,0.0
362,California State University,2,819.0
363,Calithera Biosciences,1,0.0
364,Callière Group,1,0.0
365,Cambridge Consultants,2,5.0
366,Cambridge Consultants Ltd,1,5.0
367,Cambridge Trust Company,1,7.0
368,Camden Kelly Corporation,1,0.0
369,Camp4 Therapeutics Corporation,2,0.0
370,Camris International,1,11.0
371,Candid Co.,2,0.0
372,"Canon U.S.A., Inc.",1,605.0
373,CapTech Consulting,1,14.0
374,Capax Global LLC,1,0.0
375,Capella Space,1,0.0
376,Capgemini,10,5719.4
377,Capital Group,1,284.0
378,Capital One,12,6320.333333333333
379,Captricity,1,3.0
380,CarGurus,3,6.0
381,Carbon3D,2,0.0
382,Cardinal Health,2,2557.0
383,Cardinal Solutions,1,2.0
384,Career Movement,2,0.0
385,Careers In Nonprofits,1,0.0
386,Carnegie Institution,1,0.0
387,Carnegie Institution for Science,1,0.0
388,Carney,1,5.0
389,Cars.com,3,51.0
390,"Carters, Inc",1,1178.0
391,Casma Therapuetics,2,0.0
392,Casper,1,33.0
393,Castle Global,2,0.0
394,Castlight Health,2,7.0
395,Catalina Marketing,3,78.0
396,Catapult Sports,6,0.0
397,Cedars-Sinai,24,661.0
398,Cedars-Sinai Medical Center,8,661.0
399,Celect,5,0.0
400,Celestar Corporation,2,15.0
401,Celgene Corporation,34,182.0
402,Celldom,1,0.0
403,Celonis,1,0.0
404,Celtra Inc.,1,0.0
405,Centene Corporation,1,995.0
406,Center for Infectious Disease Research,1,5.0
407,Center for Sustainable Energy,1,10.0
408,Center for the Study of Services,1,0.0
409,Centers for Disease Control and Prevention,6,350.0
410,Centra Technology,3,7.0
411,Central Intelligence Agency,4,151.0
412,Centro,1,18.0
413,Cepheid,2,89.0
414,Certara,2,4.0
415,Cervello Inc,1,0.0
416,Chadwick Martin Bailey,1,2.0
417,Chan Zuckerberg Biohub,4,0.0
418,Change Healthcare,2,406.0
419,Change.org,1,2.0
420,Charles River Analytics,5,3.0
421,Charles River Analytics Inc.,4,0.0
422,Charles River Laboratories,2,265.0
423,Charles Schwab,2,885.0
424,ChartSpan,1,11.0
425,"ChartSpan Medical Technologies, Inc.",1,0.0
426,Chartboost,1,0.0
427,ChefSteps,3,0.0
428,Chegg,1,119.0
429,Chenega Corporation,2,390.0
430,Cherokee Nation Businesses,1,79.0
431,Chewy,3,367.0
432,Children's Healthcare of Atlanta,1,524.0
433,Children's Hospital & Research Center Oakland,1,7.0
434,Children's Hospital Los Angeles,1,217.0
435,Children's Tumor Foundation,1,3.0
436,"Choate, Hall & Stewart LLP",1,0.0
437,Chronus Health,2,0.0
438,"Chubbies, Inc.",1,0.0
439,CiBO Technologies,1,0.0
440,Cibus,1,3.0
441,Cibus US LLC,1,0.0
442,Circle,1,67.0
443,Circle Internet Financial,1,0.0
444,CircleUp,3,0.0
445,Cisco,2,3996.0
446,Cisco Meraki,1,8.0
447,Citi,5,14089.2
448,City & County of San Francisco,2,36.0
449,City National Bank,2,179.0
450,City of Austin,2,265.0
451,Cityblock Health,1,0.0
452,Civic Hall,2,3.0
453,Civis Analytics,22,0.0
454,Clara,1,6.0
455,Clari,2,2.0
456,Clarifai,1,0.0
457,Clarity Insights,3,7.0
458,Clarivate Analytics,4,31.0
459,Classy,1,0.0
460,Clear Story Data,3,0.0
461,ClimaCell,2,0.0
462,Clinical Solutions Group,1,2.0
463,Clockwork Solutions,3,5.0
464,Clora,1,0.0
465,Cloudflare,1,4.0
466,Clover Health,2,15.0
467,"Clovis Oncology, Inc.",1,0.0
468,Clusterone,2,0.0
469,Coalition,1,20.0
470,Cobalt Robotics,1,0.0
471,Code Pilot,1,0.0
472,Codiak BioSciences,1,0.0
473,Coffee Meets Bagel,1,0.0
474,Cogen Therapeutics,2,0.0
475,Cogent Professionals,1,0.0
476,Cogitativo,1,0.0
477,Cogito Corporation,4,0.0
478,Cognition Financial Corporation,1,0.0
479,Cognitive Scale,7,0.0
480,Cognizant,2,10123.0
481,Cogo Labs,3,2.0
482,Coherent Germany,1,0.0
483,"Coherent, Inc.",1,0.0
484,Coinlist,1,0.0
485,Collective Health,2,7.0
486,College of Marin,1,17.0
487,CollegeVine,1,2.0
488,Color Genomics,3,0.0
489,Columbia University,15,749.0
490,Columbia University Medical Center,2,217.0
491,Comcast,3,11609.0
492,Comlinkdata,1,0.0
493,Commerce Signals,1,0.0
494,Commonwealth Sciences,11,0.0
495,Commonwealth of Massachusetts,3,337.0
496,Compass Lexecon,1,10.0
497,Compass Tech International,2,5.0
498,Compass Therapeutics LLC,2,0.0
499,Comtech Global Inc,1,0.0
500,ConAgra Foods,1,1226.0
501,Conagra Brands,1,1226.0
502,Concentric Marketing,1,0.0
503,Conde Nast,1,241.0
504,Connect VIP,1,0.0
505,Connection Lab,1,0.0
506,Connexion Systems & Engineering,1,6.0
507,Constellation Pharmaceuticals,3,0.0
508,Construction Realty Services Group,1,4.0
509,ContraFect Corporation,1,0.0
510,Conversant Media,2,20.0
511,Conversica,1,8.0
512,Conversion Logic,7,0.0
513,Conviva,2,9.0
514,Convoy,3,5.0
515,CooperSurgical,1,19.0
516,Cooperative Institute for Research in the Atmosphere,1,0.0
517,CoreLogic,2,594.0
518,"Cornerstone Search Group, LLC",1,0.0
519,Corning,1,403.0
520,Correlation One,3,0.0
521,Coso IT,1,0.0
522,Cotiviti,3,104.0
523,Counsyl,6,4.0
524,Coupa Software,1,5.0
525,Coupang,8,10.0
526,Coupang(TECH),2,10.0
527,Course Hero,2,19.0
528,Coursera,5,9.0
529,Court Services and Offender Supervision Agency for DC,1,6.0
530,Courtney Raymond Consultants,1,0.0
531,Covance,2,423.0
532,Cox Enterprises,1,118.0
533,Cox Media Group,1,221.0
534,Coyote Logistics,1,143.0
535,Crafty Machine,1,0.0
536,Crain Communications,1,25.0
537,Cray,1,3.0
538,Credibly,1,3.0
539,Credit Karma,5,6.0
540,Credit Suisse,1,1189.0
541,Criterion Systems,1,15.0
542,"Crop One Holdings, Inc.",1,0.0
543,Crossfire,1,6.0
544,Crowe,2,176.0
545,Crunch Data,1,0.0
546,Crystal Dynamics,1,6.0
547,Crédit Agricole CIB,1,1293.0
548,Cubic Corporation,1,358.0
549,Cugene Inc,1,0.0
550,CuraCloud Corporation,5,0.0
551,Cushman & Wakefield,2,400.0
552,Custoria,1,0.0
553,CyberCube Analytics,1,0.0
554,Cymer,32,52.0
555,Cytobank Inc.,1,0.0
556,"CytomX Therapeutics, Inc.",3,0.0
557,D&K Engineering,1,14.0
558,D.A. Davidson & Co.,1,0.0
559,DCS Corp,1,43.0
560,DELL,10,8380.0
561,DEPARTMENT OF CITY PLANNING,2,0.0
562,DEPARTMENT OF FINANCE,3,108.0
563,DEPARTMENT OF SANITATION,1,98.0
564,DEPARTMENT OF TRANSPORTATION,2,896.0
565,DEPT OF ENVIRONMENT PROTECTION,4,65.0
566,DEPT OF HEALTH/MENTAL HYGIENE,20,8.0
567,DEPT OF INFO TECH & TELECOMM,1,31.0
568,DEPT OF PARKS & RECREATION,1,7.0
569,DF/Net Research,1,0.0
570,DISNEY,1,4049.0
571,DNAnexus,3,0.0
572,DONOR NETWORK WEST,1,0.0
573,DRS Technologies,1,326.0
574,DRW,2,0.0
575,DRW Trading Group,2,7.0
576,DV Trading LLC,1,6.0
577,Dailymotion,1,10.0
578,Daimler,1,982.0
579,Daley and Associates,1,8.0
580,Dana-Farber Cancer Institute,16,248.0
581,Danaher,2,186.0
582,Darwin Recruitment,8,5.0
583,Dashlane,1,0.0
584,Dassault Systèmes,1,178.0
585,Data+Math,1,0.0
586,DataAxxis,1,0.0
587,DataCamp,2,0.0
588,DataMasters,1,0.0
589,DataRobot,11,2.0
590,DataVisor,2,0.0
591,Databricks,1,0.0
592,Datadog,1,4.0
593,Dataiku,4,0.0
594,Dataminr,2,3.0
595,Dau International LLC,1,0.0
596,Daugherty New York,1,29.0
597,Davey Tree,1,208.0
598,Davis Defense Group,1,11.0
599,Dealmoon,1,0.0
600,"Decibel Therapeutics, Inc.",5,0.0
601,Decision Resources Group,2,21.0
602,"DeepCurrent Technologies, Inc.",1,0.0
603,DeepMind,1,0.0
604,DeepScale,1,0.0
605,Deeter Investments LLP,1,0.0
606,Defined Clarity,1,0.0
607,Delmock Technologies Inc.,3,0.0
608,Deloitte,2,6868.5
609,Delos,1,8.0
610,Delta Air Lines,1,2963.0
611,Delve,2,4.0
612,Demandbase,4,3.0
613,Dematic,1,133.0
614,Denali,7,14.0
615,Dendreon Corporation,1,107.0
616,Department of Education,1,0.0
617,Department of Energy,1,168.0
618,Department of Health And Human Services,1,403.0
619,Department of Homeland Security,1,2431.0
620,Department of Transportation,1,897.0
621,Department of the Navy,1,25909.0
622,Deuro,2,0.0
623,Deutsch,1,16.0
624,Dexcom,2,78.0
625,DiDi Labs,4,0.0
626,DiMeo Schneider & Associates,1,0.0
627,Diazyme,1,0.0
628,Dicerna,2,0.0
629,Digit,1,0.0
630,DigitasLBi,16,151.0
631,Diligent,1,23.0
632,Dimension Therapeutics,4,0.0
633,Dirty Lemon Beverages,1,0.0
634,Discord,1,0.0
635,Discover Financial Services,2,1797.0
636,Displayr,1,0.0
637,Divergent 3D,1,0.0
638,Diverse Lynx,4,82.0
639,DoSomething.org,1,5.0
640,DocuSign,4,30.0
641,DomainTools,1,0.0
642,Domino Data Lab,1,0.0
643,DonorsChoose.org,1,5.0
644,Dotdash,1,0.0
645,DoubleDown Interactive LLC,1,0.0
646,Dow Jones,3,164.0
647,Doximity,4,2.0
648,Draper,19,15.0
649,Dremio,11,0.0
650,Drift,1,5.0
651,Drivin/Autoniq,1,0.0
652,Dropbox,3,21.0
653,Drug Policy Alliance,1,6.0
654,DuPont,2,981.0
655,Duff & Phelps Investment Management Company,1,0.0
656,Dun & Bradstreet,1,150.0
657,Dynavax Technologies,1,10.0
658,Dyson,7,209.0
659,E*TRADE FINANCIAL,2,314.0
660,E.L. Haynes Public Charter School,1,9.0
661,ENGIE Insight,2,631.0
662,ERPi,4,2.0
663,EXL,2,1170.0
664,EXPERIAN,1,311.0
665,EY,3,5356.0
666,Eagle Medical Services,2,15.0
667,Eagle SNG,1,0.0
668,EarthDefine,1,0.0
669,"East River BioSolutions, Inc.",1,0.0
670,Eastern Bank,1,106.0
671,Eaton Vance,3,28.0
672,Eclaro,1,15.0
673,EcoHealth Alliance,1,0.0
674,Edelman & Associates,1,0.0
675,"Edison Software, Inc.",1,0.0
676,Effective Spend,1,3.0
677,"Egnyte, Inc.",1,0.0
678,"Elavon, Inc.",1,233.0
679,Electronic Arts,6,396.0
680,Elenion Technologies,1,0.0
681,Elev8 Hire Solutions,1,0.0
682,Elevate,2,33.0
683,Elevations Credit Union,1,16.0
684,Eli Lilly,4,1194.75
685,Elsevier,5,476.0
686,Emory Healthcare,1,1181.0
687,Emory University,15,550.0
688,Empyreal Realty,2,0.0
689,Encodia,6,0.0
690,Encore Information Systems Inc.,1,0.0
691,Enel Green Power North America,1,15.0
692,EnerNOC,1,41.0
693,Energy Solutions,2,79.0
694,Engage Partners,4,16.0
695,Engility,2,436.0
696,Engine Biosciences,1,0.0
697,Enlearn,2,0.0
698,Enlighted,1,0.0
699,Enovity,1,2.0
700,"Enquero, Inc",1,0.0
701,Enterprise Peak,1,5.0
702,Environmental Defense Fund,6,29.0
703,Environmental Protection Agency,1,267.0
704,Environmental Risk Services Corporation,1,0.0
705,Environmental Working Group,1,0.0
706,Envision Horizons,1,0.0
707,Epic Bio,1,0.0
708,Epic Creations,1,0.0
709,Epic Sciences,1,4.0
710,"Epiq Systems, Inc.",1,131.0
711,Epizyme,1,0.0
712,Epsilon,3,244.0
713,Equifax,1,447.0
714,Equity Residential,1,352.0
715,Esha IT,1,0.0
716,Esurance,3,287.0
717,Etiometry,1,0.0
718,Etsy,2,31.0
719,Eurofins DiscoverX Corporation,1,638.0
720,"Eurofins Lancaster Laboratories Professional Scientific Services, LLC",2,638.0
721,"Eurofins VRL, Inc.",1,638.0
722,Evalueserve,1,149.0
723,Evelo Biosciences,1,2.0
724,Eventbrite,1,7.0
725,EverQuote,1,7.0
726,Everest Clinical Research,1,3.0
727,Evidation Health,1,0.0
728,Evident,1,8.0
729,Evidera,2,8.0
730,Evolent Health,2,85.0
731,ExThera Medical Corporation,1,0.0
732,Excellent Business Consultants,1,0.0
733,Executive Alliance,1,0.0
734,Exelixis Inc.,3,0.0
735,Exonics Therapeutics,1,0.0
736,Expedia,2,605.0
737,Explore Group Inc,3,0.0
738,Exponent,14,28.0
739,"ExtraHop Networks, Inc.",1,4.0
740,Ezra Penland Actuarial Recruitment,1,0.0
741,FBR & Co.,1,0.0
742,FICO,6,121.0
743,FIRE DEPARTMENT,2,0.0
744,"FLX Bio, Inc.",1,0.0
745,FMG Suite,1,0.0
746,FREEDOM CONSULTING GROUP,1,3.0
747,FabFitFun,1,3.0
748,Facebook,49,366.0
749,"Facility Management Planners, Inc",1,0.0
750,Factspan Inc,1,0.0
751,Factual,1,0.0
752,Fair Trade USA,1,3.0
753,FanDuel,1,10.0
754,Fanatics Inc.,3,382.0
755,Fannie Mae,2,880.0
756,Fanning Personnel,1,0.0
757,Fareportal Inc.,1,116.0
758,Farfetch,1,0.0
759,"Farmer's Business Network, Inc.",1,0.0
760,Feasible,1,0.0
761,Federal Reserve Bank of Chicago,1,462.0
762,Federal Reserve Bank of New York,1,462.0
763,Federation for American Immigration Reform (Fair),1,0.0
764,Feeding America,1,52.0
765,Feedvisor,1,0.0
766,Feedzai,6,0.0
767,"Ferring Pharmaceuticals, Inc.",3,94.0
768,Fibroblast,1,0.0
769,Fidelity Investments,5,2906.0
770,Figure,1,4.0
771,Finra,1,75.0
772,Finrise,1,0.0
773,First Derivatives plc,1,10.0
774,First Republic Bank,7,124.0
775,First Soft Solutions LLC,1,0.0
776,FiscalNote,1,0.0
777,Fit Analytics,1,0.0
778,Fitbit,1,41.0
779,Fitch Ratings,1,74.0
780,Flatiron Health,1,9.0
781,Flexport,1,8.0
782,FlowWest,1,0.0
783,Fluid Intelligence,1,9.0
784,Foghorn Systems,2,0.0
785,Foghorn Therapeutics,2,0.0
786,Fooda,1,17.0
787,Forcepoint,1,90.0
788,Formation Environmental LLC,1,0.0
789,"Foundation Medicine, Inc.",9,11.0
790,Foursquare,4,7.0
791,Fox Networks Digital Consumer Group,1,0.0
792,Fox Networks Group,1,57.0
793,Fractal Analytics,3,22.0
794,FrameWorks Institute,1,0.0
795,"Frank N. Magid Associates, Inc.",1,0.0
796,Franklin Templeton Investments,2,512.0
797,FraudScope,1,0.0
798,Fred Hutchinson Cancer Research Center,70,91.0
799,Freebird,2,2.0
800,Freestar,2,2.0
801,Frequence,1,4.0
802,Fresh Digital Group,1,5.0
803,Freshly,2,7.0
804,Frontapp,1,0.0
805,Frontend Arts,1,5.0
806,FuelX,2,0.0
807,Fulcrum Analytics,1,0.0
808,Fulcrum Therapeutics,2,0.0
809,Funding Circle US,1,0.0
810,G2S Corporation,1,0.0
811,GA Instructor,1,0.0
812,GB HealthWatch,3,0.0
813,GEI Consultants Inc,1,16.0
814,"GENEWIZ, Inc.",2,14.5
815,GEORGIA-PACIFIC,1,1947.0
816,GNS Healthcare,2,0.0
817,GOAT,1,4.0
818,GQR,1,2.0
819,GQR Global Markets,2,17.0
820,GSI Service Group Inc,1,7.0
821,GUTTMACHER,3,0.0
822,GZA,1,0.0
823,Gaia International Inc.,1,0.0
824,Gallup,4,140.0
825,Galvanize,3,10.0
826,Gap Inc. Corporate,2,2285.0
827,Gartner,1,278.0
828,"Gateway Recruiting, INC",1,0.0
829,Gelber Group,1,7.0
830,Geli,2,0.0
831,Gemological Institute of America,1,84.0
832,"Gencyte Therapeutics, Inc.",1,0.0
833,Genedata,2,0.0
834,Genentech,22,678.0
835,General Assembly,5,144.0
836,General Atomics,6,162.0
837,General Atomics Aeronautical Systems,1,166.0
838,General Dynamics Information Technology,2,5914.5
839,General Electric,15,292.0
840,General Motors,1,5941.0
841,Generation Bio,4,0.0
842,"Genomatica, Inc.",3,0.0
843,Genomic Health,1,21.0
844,"GeoVax, Inc.",1,0.0
845,Geomagical Labs,1,0.0
846,Georgia State University,1,658.0
847,Georgia Tech Research Institute,15,496.0
848,Getty Images,4,92.0
849,Gifford Fong Associates (GFA),1,0.0
850,Gigster,1,5.0
851,Gilead Sciences,11,246.0
852,Ginkgo Bioworks,7,0.0
853,Glassdoor,3,23.0
854,Global Atlantic Financial Group,1,9.0
855,Global Computing - Mexico,1,0.0
856,Global Pharmaceutical Company via RCH Solutions,1,0.0
857,"GlobalLogic, Inc.",1,353.0
858,Glocomms,1,0.0
859,Glu Mobile,2,15.0
860,GoPro,1,44.0
861,Golden Gate National Parks Conservancy,1,13.0
862,Golder Associates,2,307.0
863,Goldfinch Bio,2,0.0
864,Goldman Sachs,10,1148.0
865,Golin,2,13.0
866,Google,134,2473.791044776119
867,Gossamer Bio,2,0.0
868,Government of the District of Columbia,1,50.0
869,GovernmentCIO,1,3.0
870,Grab Taxi,4,88.0
871,Gradient.io,2,0.0
872,"Grammarly, Inc.",1,0.0
873,Grand Rounds,1,10.0
874,Grant Thornton,3,919.0
875,Granular,2,0.0
876,Grata Data,1,0.0
877,GreatCall,1,88.0
878,GreenSky,3,26.0
879,"GreenZone Solutions, Inc.",1,0.0
880,Greenlots,1,0.0
881,Grenzebach Glier and Associates,1,7.0
882,"Gresham, Smith and Partners.",1,27.0
883,Grifols,1,750.0
884,Grindr,1,2.0
885,Gritstone Oncology,1,0.0
886,Gro Intelligence,6,0.0
887,GroundTruth,2,0.0
888,Group Nine Media,1,0.0
889,Group One Trading,1,5.0
890,Group SJR,1,3.0
891,GroupM,1,92.0
892,Groupon,5,624.0
893,Growth Technical Staffing,1,0.0
894,Grubhub,3,262.0
895,Guardant Health,8,7.0
896,Guardian Analytics,1,0.0
897,Guardian Life Insurance Company,1,410.0
898,Guidehouse,4,0.0
899,Guidepoint Global,1,13.0
900,"Guidewire Software, Inc.",1,28.0
901,Guttmacher Institute,1,0.0
902,Gymboree,1,1366.0
903,H3 Biomedicine,3,0.0
904,H5,1,5.0
905,HBO,1,108.0
906,HBUS,1,0.0
907,HCL Technologies,1,0.0
908,HD Supply,1,1202.0
909,HDR,6,239.16666666666666
910,HERE Technologies,2,199.0
911,HIRECLOUT,1,0.0
912,"HKS, Inc.",1,0.0
913,HNTB Corporation,1,127.0
914,HONK,1,3.0
915,HOUSING PRESERVATION & DVLPMNT,1,84.0
916,HP,1,10449.0
917,HUB International,1,211.0
918,HackerOne,1,3.0
919,Hales Franciscan High School,1,5.0
920,Haley & Aldrich,1,0.0
921,"Halozyme Therapeutics, Inc.",3,0.0
922,"Hampton-Clarke, Inc",1,3.0
923,"Handshake Partners, LLC",2,0.0
924,Hanweck Associates,1,0.0
925,Hap Capital,2,0.0
926,"Happy Faces Personnel Group, Inc.",1,0.0
927,Harman Connected Services,1,0.0
928,Harnham,39,0.0
929,Harry's,1,12.0
930,"Hart Crowser, Inc.",1,0.0
931,Harvard Pilgrim Health Care,3,61.0
932,Harvard University,21,574.0
933,Hatch,1,267.0
934,"HaulHub, Inc.",1,0.0
935,Hawkins Diagnostics,1,0.0
936,HawkinsPointPartners,2,0.0
937,Headway Workforce Solutions,1,209.0
938,Health & Human Services Comm,2,709.0
939,"HealthyPets, Inc.",1,7.0
940,Heap,1,14.0
941,Hearsay Systems,2,0.0
942,Heart Rhythm Society (HRS),1,0.0
943,HeartFlow,1,4.0
944,Hearts and Science,1,0.0
945,Heed Foods,2,0.0
946,Heliotrope Technologies,1,2.0
947,Helix,2,9.0
948,HelloFresh,3,208.0
949,HelloWorld,1,9.0
950,Heluna Health,2,15.0
951,Heron Therapeutics,1,3.0
952,HexaCorp,1,0.0
953,HiFiBiO Therapeutics,1,0.0
954,HiTS,3,13.0
955,High Lantern Group,1,0.0
956,HighPoint,1,14.0
957,HireMinds,3,4.0
958,HireStarter,1,0.0
959,HistoWiz,2,2.0
960,"Hitachi Chemical Advanced Therapeutics Solutions, LLC",1,7.0
961,"Hitachi Chemical Advanced Therapeutics Solutions, LLC (formerly PCT Cell Therapy Services, LLC)",2,0.0
962,Hiya,1,0.0
963,Hologic,4,209.0
964,Hometap,1,0.0
965,Honda Research Institute USA,5,0.0
966,Honey,1,22.0
967,Honeywell,4,6121.0
968,Hopjump,1,0.0
969,Hopper,3,0.0
970,Hospital for Special Surgery,3,179.33333333333334
971,Hotwire,2,605.0
972,Housecall Pro,2,7.0
973,Howard Hughes Medical Institute,6,68.33333333333333
974,Howard University,1,274.0
975,HubSpot,3,28.0
976,Hudson River Trading,4,2.0
977,Hulu,1,57.0
978,"Human Longevity, Inc.",4,3.0
979,Humana,1,4338.0
980,Humanyze,1,0.0
981,Humu,1,0.0
982,Hunter BioDiscovery,1,0.0
983,Huxley IT,1,0.0
984,Hyatt,2,6003.0
985,Hydrogen Group,1,6.0
986,IAS-USA,1,0.0
987,IBM,16,22251.75
988,ICF,20,391.95
989,"ICU Medical, Inc.",1,0.0
990,IDEO,2,12.0
991,IFPRI (International Food Policy Research Institute),1,0.0
992,IGM Biosciences,1,0.0
993,IHS Markit,4,216.0
994,IJC Associates,1,0.0
995,INTERA,1,4.0
996,IPG Mediabrands,1,42.0
997,IQ Workforce,1,0.0
998,IQVIA,2,106.0
999,ITL USA,1,10251.0
1000,ITStaff Technical Resources,1,0.0
1001,"Ian, Evan & Alexander Corporation",1,2.0
1002,Icon plc,2,240.0
1003,Ignyte Group,2,0.0
1004,Illumina,27,133.0
1005,Imagining Human,1,0.0
1006,Imbellus,2,0.0
1007,Impossible Foods,4,4.0
1008,Improbable,1,0.0
1009,Inabia Solutions and Consulting,2,0.0
1010,Inari Agriculture,2,0.0
1011,Incandescent Technologies,1,0.0
1012,Inception Sciences,2,0.0
1013,Indeed,1,312.0
1014,Indigo,9,0.0
1015,Indotronix International Corporation,1,8.0
1016,Infectious Disease Research Institute,1,3.0
1017,Infinite Uptime,1,0.0
1018,Infocorvus,1,0.0
1019,Infomatics Corp,1,0.0
1020,Infox Consulting,2,0.0
1021,Initiative for a Competitive Inner City (ICIC),2,0.0
1022,"Innovation Center for Biomedical Informatics, Georgetown University",1,0.0
1023,Inseego,1,6.0
1024,Insider Inc.,2,0.0
1025,Insight Health Analytics,1,0.0
1026,Insight Strategy Group,1,0.0
1027,Insikt,1,0.0
1028,Inspire Brands,1,0.0
1029,Instacart,8,471.0
1030,Insticator Inc,1,0.0
1031,Institute for Defense Analyses,1,24.0
1032,Institute for Health Metrics and Evaluation - Faculty,1,0.0
1033,Institute for Systems Biology,2,5.0
1034,Instrumentation Laboratory,3,47.0
1035,Insurify,1,0.0
1036,Integral Ad Science,3,5.0
1037,"Integrated DNA Technologies, Inc",2,10.0
1038,IntelliPro Group Inc.,1,6.0
1039,Intellia,5,0.0
1040,Intent Media,1,2.0
1041,InterSystems Corporation,2,18.0
1042,Interactive Brokers,2,24.0
1043,Intercept Pharmaceuticals,1,6.0
1044,Intercontinental Exchange,3,57.0
1045,International AIDS Vaccine Initiative,1,2.0
1046,International Flavors and Fragrances,1,105.0
1047,"International Information Technology Team, Inc.",1,0.0
1048,Internet Brands,1,0.0
1049,Intrexon Corporation.,5,0.0
1050,Intuit,11,1033.0
1051,Intuitive Surgical,1,86.0
1052,Invenia Resourcing,1,0.0
1053,Invesco,2,272.0
1054,Investigative Company,1,0.0
1055,Invicro,5,3.0
1056,Invitae,4,4.0
1057,Inzone,1,0.0
1058,Iovance Biotherapeutics,1,0.0
1059,Ipsos North America,9,333.0
1060,"J.Crew Group, Inc.",2,760.0
1061,J.D. Power,1,11.0
1062,J.E. Ranta Associates,1,0.0
1063,JBCConnect,3,4.0
1064,JD.com,26,6.0
1065,JLL,9,1786.111111111111
1066,JP Morgan Chase,27,20319.11111111111
1067,"JUST, Inc.",1,0.0
1068,JUUL Labs,26,2.0
1069,"Jack In The Box | Jack in the Box, Inc.",1,4513.0
1070,Jacobs,27,2380.0
1071,"Jefferies & Company, Inc.",1,115.0
1072,"Jenzabar, Inc",2,6.0
1073,Jobspring Partners,19,27.0
1074,John Hancock,3,376.0
1075,John Leonard,1,17.0
1076,Johnson & Johnson Family of Companies,9,3327.0
1077,"Joinn Laboratories CA, Inc",1,0.0
1078,Jopwell,1,0.0
1079,"Joseph Gunnar & Co., LLC",1,0.0
1080,"Joseph J. Blake & Associates, Inc.",1,0.0
1081,Joymode,1,0.0
1082,Juno Therapeutics,9,5.0
1083,Just Biotherapeutics,1,0.0
1084,Juvo,3,0.0
1085,Jvion,1,0.0
1086,KAYAK,1,6.0
1087,KBI Biopharma,1,12.0
1088,KCS Partners,1,0.0
1089,KDR recruitment,1,0.0
1090,KEYW Corporation,2,30.0
1091,KLA-Tencor,3,95.0
1092,KNIME,2,0.0
1093,KOCH AG & ENERGY SOLUTIONS,1,4.0
1094,KOCH SUPPLY AND TRADING,1,5.0
1095,KPMG,66,4492.712121212121
1096,KSQ Therapeutics,4,0.0
1097,Kaiser Permanente,4,7706.5
1098,Kantar Millward Brown,5,21.0
1099,Kaplan,1,1354.0
1100,Karen Clark & Company,2,0.0
1101,Kate Spade & Company,1,339.0
1102,Kavyos Consulting Inc,1,0.0
1103,Keller Williams,1,2647.0
1104,Kelton Global,2,0.0
1105,Kelton Global LLC,1,0.0
1106,Kelvin,5,5.0
1107,Kemper Corporation,1,206.0
1108,Kessler Foundation,1,7.0
1109,Key Lime Interactive,1,2.0
1110,Keypoint Intelligence,1,0.0
1111,King.com,5,0.0
1112,Kinsa Inc.,1,0.0
1113,Kintai Therapeutics,1,0.0
1114,Kite Pharma,1,8.0
1115,Kiva.org,1,6.0
1116,Klaviyo,3,0.0
1117,Klein Hersh International,7,0.0
1118,Klein Management Systems,4,0.0
1119,Kleinfelder,4,92.0
1120,"Kleinfelder, Inc.",11,92.0
1121,Kofi Solutions Group,1,0.0
1122,Komodo Health,2,0.0
1123,Koneksa Health,1,0.0
1124,Kraft Heinz Company,1,2936.0
1125,Kronos Bio,1,0.0
1126,Kura Oncology,1,0.0
1127,LEWIS,1,65.0
1128,LNS Research,2,0.0
1129,LOCKHEED MARTIN CORPORATION,2,6012.0
1130,LPL Financial,1,336.0
1131,LQ Digital,1,14.0
1132,"LS Technologies, LLC",1,15.0
1133,LT,1,0.0
1134,La Jolla Institute for Allergy and Immunology,4,10.0
1135,Lab Pros,1,0.0
1136,Lab126,50,0.0
1137,LabCorp,4,3026.25
1138,LabKey,1,0.0
1139,LabKey Software,1,0.0
1140,Label Insight,2,5.0
1141,Labtech Specialty Staffing,1,0.0
1142,"LakePharma, Inc.",2,0.0
1143,Lancer Insurance Company,1,0.0
1144,"Langan Engineering and Environmental Services, Inc.",1,25.0
1145,Lattice Engines,1,6.0
1146,LaunchCode,1,5.0
1147,LawTrades,1,0.0
1148,LawnStarter,1,0.0
1149,Lawrence Berkeley National Laboratory,12,123.0
1150,Le CultureClub,1,0.0
1151,Leafly Holdings,1,0.0
1152,Leap.ai,1,0.0
1153,LeapYear,1,0.0
1154,LearnVest,1,0.0
1155,Ledcor,1,548.0
1156,Legal Services Corporation,1,4.0
1157,Legendary Applied Analytics,2,0.0
1158,Legislative Budget Board,1,0.0
1159,Leidos,16,525.0
1160,LendUp,1,0.0
1161,LendingClub,4,58.0
1162,LendingHome,2,4.0
1163,Lennon Wright,1,0.0
1164,Level Education from Northeastern University,1,0.0
1165,Lexington Solutions Group,1,0.0
1166,Liberty Healthcare Corporation,1,71.0
1167,"Liberty Lending, LLC",1,0.0
1168,Liberty Mutual,3,2640.0
1169,Lieberman Research Worldwide,1,14.0
1170,Life360,1,0.0
1171,LifeMine,1,0.0
1172,Lightelligence,2,0.0
1173,Lighthouse Lab Services,2,0.0
1174,Lightmatter,2,0.0
1175,LimeBike,2,6.0
1176,LinQuest Corporation,1,28.0
1177,"Linc Global, Inc.",2,0.0
1178,Links Global,2,2.0
1179,"Lionshare Lending, LLC",1,0.0
1180,LivePerson,2,12.0
1181,LivePerson - Global Product & Technology,9,0.0
1182,Lob,1,78.0
1183,Locke Careers,2,0.0
1184,"Lockstep, Inc.",1,0.0
1185,Locus Technologies,1,2.0
1186,LogMeIn,2,43.0
1187,Logic20/20,5,6.0
1188,Logyx,1,0.0
1189,Lonza,2,274.0
1190,Lonza Biologics,1,274.0
1191,"Loomis, Sayles & Company, L.P.",1,0.0
1192,Loomly,1,0.0
1193,Lorven Technologies,1,0.0
1194,Los Angeles County Department of Human Resources,1,544.0
1195,Los Angeles Universal Preschool,1,7.0
1196,Love and Company,1,0.0
1197,Lovepop,1,2.0
1198,Loyal,2,10.0
1199,Lumere,1,0.0
1200,"Lumos Labs, Inc.",1,0.0
1201,Lux Research Inc,1,0.0
1202,Lyft,1,1414.0
1203,"Lynx, Inc.",1,0.0
1204,Lyric,1,0.0
1205,M.Gemi,2,0.0
1206,MARC USA LLC,2,0.0
1207,MCKEAN DEFENSE/CABRILLO TECHNOLOGIES,2,0.0
1208,MFS Investment Management,2,88.0
1209,MGH & BWH Center for Clinical Data Science,3,0.0
1210,MIT,10,262.0
1211,MJK Concepts,1,0.0
1212,MMT,1,0.0
1213,MONSANTO,1,1488.0
1214,"MORI Associates, Inc",1,3.0
1215,MRY,1,6.0
1216,MUFG,2,40.0
1217,MUSEUM ASSOCIATES,1,0.0
1218,MacDermid Inc.,1,0.0
1219,Macy's,3,25765.0
1220,"Magic Leap, Inc.",1,13.0
1221,Malin Space Science Systems,1,0.0
1222,"Malin Space Science Systems, Inc.",1,0.0
1223,Mallinckrodt,1,84.0
1224,ManTech International Corporation,2,1233.0
1225,Manthan Systems,1,0.0
1226,Manulife,2,184.0
1227,Manulife Financial,2,359.0
1228,Marchex,1,24.0
1229,Marcus & Associates,1,0.0
1230,Marina Maher Communications,1,8.0
1231,Market Track,1,25.0
1232,Mars,2,978.0
1233,Marsh,1,182.0
1234,Marsh & McLennan Companies,1,537.0
1235,MassMutual,5,786.0
1236,Massachusetts Eye and Ear Infirmary,2,145.0
1237,Massachusetts General Hospital(MGH),22,838.0
1238,Massdrop,1,3.0
1239,MasterClass,1,4.0
1240,Match,1,178.0
1241,Mathematica Policy Research,12,68.0
1242,Matrix New World Engineering,1,2.0
1243,Matrix Resources,1,58.0
1244,Matthews Asia,1,0.0
1245,Maven Wave Partners,4,2.0
1246,Maxus,1,12.0
1247,McKesson,1,3558.0
1248,McKinsey & Company,41,385.0
1249,MedStar Health,1,338.0
1250,MedStar Health Research Institute,1,338.0
1251,Medal,2,4.0
1252,Medidata Solutions,3,33.0
1253,"MemComputing, Inc.",1,0.0
1254,Memjet,1,3.0
1255,Memorial Sloan Kettering,7,703.0
1256,"Mercedes-Benz Research & Development North America, Inc.",2,0.0
1257,Merck,15,2987.5333333333333
1258,Merkle Inc.,1,133.0
1259,Merrimack Pharmaceuticals,2,21.0
1260,Mersana Therapeutics,2,2.0
1261,Meso Scale Diagnostics,1,12.0
1262,Metabiota,1,4.0
1263,Method Products,3,4.0
1264,Metro-Goldwyn-Mayer Studios,1,0.0
1265,MetroPlus Health Plan,1,96.0
1266,Metromile,1,7.0
1267,Metropolitan Transportation Authority,1,752.0
1268,Micro Tech Staffing Group,1,47.0
1269,MicroVision,1,9.0
1270,Microsoft,137,4617.613138686132
1271,Microvi,1,0.0
1272,Midaxo,1,0.0
1273,Mighty AI,1,0.0
1274,Milacron LLC,1,10.0
1275,Milken Institute,1,0.0
1276,Milliman,1,84.0
1277,Miltenyi Biotec,1,7.0
1278,MindRight,1,0.0
1279,Mindshare,2,92.0
1280,Mintel,1,15.0
1281,Mintel Group,2,2.0
1282,"Miragen Therapeutics, Inc.",2,0.0
1283,Missing Link Security,1,4.0
1284,Mission Bio,1,0.0
1285,Mitek Systems,1,2.0
1286,Mobiquity,2,7.0
1287,"Moderna Therapeutics, Inc",10,12.0
1288,Molecular Templates Inc,1,0.0
1289,Mondelez International,1,2210.0
1290,Moneythink,1,5.0
1291,Montclair State University,2,254.0
1292,"Montrose Environmental Group, Inc.",1,2.0
1293,Morgan Stanley,4,2694.0
1294,Morning Consult,1,2.0
1295,Morningstar,3,129.0
1296,Motif Investing,1,2.0
1297,Motivate International Inc.,1,0.0
1298,Motive Interactive,2,3.0
1299,Motorola Solutions,1,2453.0
1300,Mount Sinai,8,1029.0
1301,Mount Sinai Health System,2,1029.0
1302,Movable Ink,1,4.0
1303,Moveworks.ai,2,0.0
1304,Moxie,1,347.0
1305,"Moxie Interactive, Inc.",1,0.0
1306,Mozilla,1,23.0
1307,Mybrainsolutions,1,0.0
1308,Mynd,1,0.0
1309,"MyoKardia, Inc.",2,0.0
1310,N C Q A,1,0.0
1311,NAVICAN GENOMICS INC,1,0.0
1312,NBCUniversal,1,1744.0
1313,NCSA - Next College Student Athlete,5,0.0
1314,NDT.com,3,0.0
1315,NEUROCRINE BIOSCIENCES,4,6.0
1316,NGM Biopharmaceuticals,3,4.0
1317,NIKE INC,2,6054.0
1318,NOKIA,22,3372.0
1319,NORC at the University of Chicago,7,370.0
1320,NRG- A Stagwell Company,2,0.0
1321,NRT New York LLC,1,0.0
1322,NTT DATA Services,1,1516.0
1323,NV5,1,7.0
1324,NVIDIA,6,166.0
1325,NXP Semiconductors,1,180.0
1326,NYC Administration for Children's Services,1,159.0
1327,NYP/Weill Cornell Medical Center,3,1107.0
1328,NYU Langone Health,77,695.8441558441558
1329,Nanigans,1,2.0
1330,Nanocellect Biomedical Inc.,2,0.0
1331,Nanostring Technologies,4,11.0
1332,NantKwest,3,6.0
1333,Narvar,1,5.0
1334,Natera,16,34.0
1335,Natero,1,0.0
1336,National Center for CryoEM Access and Training (NCCAT),1,0.0
1337,National CineMedia,1,40.0
1338,National Debt Relief,1,91.0
1339,National Ecological Observatory Network Inc,7,0.0
1340,National Fish Wildlife Foundation,1,0.0
1341,National Geographic,1,53.0
1342,National Instruments,6,230.0
1343,National Oilwell Varco,1,2325.0
1344,National Renewable Energy Laboratory,1,76.0
1345,National instrument,3,230.0
1346,Natixis Investment Managers,1,280.0
1347,Natural Resources Defense Council,6,13.0
1348,Nautilus Labs,1,0.0
1349,Neal Analytics,1,0.0
1350,Near,1,0.0
1351,Neer Info Solutions,1,0.0
1352,Neilson Financial Services,1,9.0
1353,"Neilson Financial Services, USA",1,0.0
1354,Nektar,9,3.0
1355,Neon Therapeutics,3,0.0
1356,NetApp,5,574.0
1357,Netflix,3,400.0
1358,Network ESC,1,0.0
1359,Networkers,1,13.0
1360,Neuberger Berman,2,59.0
1361,Neurable,1,0.0
1362,Neural Analytics,3,0.0
1363,"Neustar, Inc.",1,6.0
1364,New America,1,0.0
1365,New Amsterdam Partners LLC,1,0.0
1366,New Classrooms,1,5.0
1367,"New Era Group, Inc",1,0.0
1368,"New Iron Group, Inc.",1,0.0
1369,New Post Search,1,0.0
1370,New York City Transit,1,752.0
1371,New York Genome Center,2,6.0
1372,New York Life Insurance Co,8,1677.0
1373,New York State Office of the Attorney General,1,40.0
1374,New York State Office of the Attorney General (OAG),1,0.0
1375,New York Stem Cell Foundation,1,4.0
1376,New York University,6,699.0
1377,Newell Brands,3,912.0
1378,Newmark Knight Frank,1,114.0
1379,NewsCred,1,2.0
1380,Newsela,1,8.0
1381,Newton Colmore Consulting Ltd,1,0.0
1382,Nexcelom Bioscience,1,0.0
1383,Nexient,1,9.0
1384,Niantic Labs,1,0.0
1385,"Niantic, Inc.",1,0.0
1386,Nielsen,20,1918.85
1387,Nift,3,0.0
1388,Nift Networks,3,0.0
1389,Nike,1,415.0
1390,NinthDecimal,1,4.0
1391,Nmatrixx,1,0.0
1392,Noblis,3,32.0
1393,Nohla Therapeutics,4,0.0
1394,Noodle.ai,3,0.0
1395,Nordstrom,6,8282.833333333334
1396,Norfolk Southern Corp,4,722.0
1397,Northeastern University,5,367.0
1398,Northrop Grumman,3,4061.0
1399,Northside Hospital,1,838.0
1400,Northwell Health,2,816.0
1401,Northwestern Mutual Life Insurance Company,1,2203.0
1402,Northwestern University,10,320.0
1403,Notable Labs,1,0.0
1404,Novartis,17,2650.0
1405,Novelis,1,189.0
1406,Novetta,6,24.0
1407,Novi Labs,1,0.0
1408,Novo Nordisk,1,607.0
1409,NuWest Healthcare,1,0.0
1410,Nucleus Research,1,3.0
1411,Nuveen,1,42.0
1412,"Nuvola Staffing & Solutions, LLC.",1,0.0
1413,Nxt Level,1,0.0
1414,OBXtek,1,12.0
1415,OFFICE OF MANAGEMENT & BUDGET,2,7.0
1416,OKCupid,1,0.0
1417,OM Partners,1,0.0
1418,OM1,1,0.0
1419,OPCOM,1,0.0
1420,OUTFRONT media,1,108.0
1421,Oath Inc,34,5.0
1422,Obsidian Therapeutics,1,0.0
1423,Odonate Therapeutics,1,0.0
1424,Okaya Inc,1,0.0
1425,Old Mission Capital,1,0.0
1426,Oliver James Associates,1,5.0
1427,Oliver Wyman,2,537.0
1428,Olympia Medical Center,4,57.0
1429,Omada Health,2,5.0
1430,Omega Therapeutics,1,0.0
1431,Omeros Corporation,7,0.0
1432,Oncorus,3,0.0
1433,OneGlobe,1,0.0
1434,"OneGlobe, LLC",1,0.0
1435,Oneida ESC Group,1,0.0
1436,Ontoforce NV,2,0.0
1437,"Onyx Government Services, LLC",1,4.0
1438,"Open Data Science, LLC",2,0.0
1439,"Open Systems Technologies, Inc.",3,36.0
1440,OpenAI,1,0.0
1441,Opendoor,2,11.0
1442,"Operam, Inc",2,0.0
1443,Operation HOPE,2,44.0
1444,OppenheimerFunds,3,40.0
1445,Opportunity Finance Network,1,4.0
1446,Optimizely,1,0.0
1447,Options Clearing Corporation,1,36.0
1448,Options Group,1,17.0
1449,Optomi,1,16.0
1450,Optoro,1,15.0
1451,Oracle,4,4081.0
1452,Organic,1,32.0
1453,Organovo,1,3.0
1454,Oscar Insurance,3,19.0
1455,Otis College of Art and Design,1,28.0
1456,Outcome Health,1,15.0
1457,Outreach,1,0.0
1458,Oversight Systems,2,6.0
1459,PAE,1,490.0
1460,PARTNERSHIP for PUBLIC SERVICE,1,7.0
1461,PATH,2,122.0
1462,PCI Strategic Management,1,0.0
1463,PHASTAR,1,0.0
1464,PLAYSTUDIOS Inc,2,0.0
1465,PNC Financial Services Group,2,4650.0
1466,"POWER Engineers, Inc.",1,72.0
1467,PPD,4,419.0
1468,PRA Health Sciences,1,242.0
1469,PRO Unlimited @ facebook,1,224.0
1470,PS&S,1,3.0
1471,PSM Partners,1,0.0
1472,Pacific Gas And Electric Company,1,555.0
1473,Pacific Institute for Research and Evaluation,1,5.0
1474,Pacific Investment Management Company LLC,2,61.0
1475,Pacific Northwest National Laboratory,1,101.0
1476,Pager,1,0.0
1477,PagerDuty,1,0.0
1478,Paige.ai,1,0.0
1479,Pall,1,304.0
1480,Panaseer,1,0.0
1481,"Pandora Media, Inc.",11,33.0
1482,Panjiva,5,2.0
1483,Park Assist LLC,1,0.0
1484,Parker Institute for Cancer Immunotherapy,1,0.0
1485,Parsable,1,0.0
1486,Parsec Media,1,0.0
1487,Parsons,1,451.0
1488,Partners HealthCare(PHS),5,337.0
1489,Pathway Genomics,3,6.0
1490,Patricio Enterprises,2,53.0
1491,PaxVax,3,0.0
1492,Payette Group,10,0.0
1493,Payments & Cards Network,1,0.0
1494,Pearson,3,1599.3333333333333
1495,Peloton,1,29.0
1496,Penn Schoen Berland,5,2.0
1497,Penske Media Corp.,1,3.0
1498,Pentasia,1,0.0
1499,"People With Developmental Disabilities, Office for",1,64.0
1500,PepsiCo,1,10001.0
1501,Perficient,2,44.0
1502,Performics,1,15.0
1503,PerkinElmer,2,250.0
1504,Persado,2,3.0
1505,Personnel Management Consultants,1,0.0
1506,Perspecta,2,12.0
1507,Petuum,1,0.0
1508,"Petuum, Inc",5,0.0
1509,Pfenex Inc.,4,0.0
1510,Pfizer,8,4214.0
1511,Pfizer Inc.,19,4214.1578947368425
1512,"Pharmacyclics, an Abbvie Company",34,26.0
1513,Pharmerit International,2,5.0
1514,Philo,1,0.0
1515,"Phoenix Tree Publishing, Inc.",1,0.0
1516,Physical Sciences Inc.,2,0.0
1517,PicnicHealth,1,0.0
1518,Piedmont Healthcare,2,162.5
1519,PillPack,1,70.0
1520,Pinterest,6,12.0
1521,"Pioneer Data Systems, Inc",1,0.0
1522,"PitchBook Data, Inc.",1,0.0
1523,Pivot Bio,1,0.0
1524,Pivotal Software,4,16.0
1525,PlaceIQ,1,7.0
1526,Plaid,1,2.0
1527,Planet,1,64.0
1528,Planet Pharma,2,12.0
1529,Planned Systems International,1,22.0
1530,Platform Science,2,0.0
1531,Plenty,1,0.0
1532,Plexxikon,1,3.0
1533,Pluralsight,3,8.0
1534,Pocket Gems,1,8.0
1535,Population Council,1,23.0
1536,Population Services International,1,88.0
1537,Porch,2,31.0
1538,Posh Technologies,3,9.0
1539,Poshmark,1,18.0
1540,Pragmatics,2,24.0
1541,Pray,1,2.0
1542,PreVisor,1,0.0
1543,"Precision Systems, Inc.",2,4.5
1544,Premierehire,1,5.0
1545,Prestige Staffing,2,139.0
1546,Primary Search Management,1,0.0
1547,ProClinical,3,0.0
1548,"Probi USA, Inc.",1,0.0
1549,Procter & Gamble,1,4526.0
1550,Product Madness,1,2.0
1551,Profusa,1,0.0
1552,Progenesis,1,0.0
1553,Project Concern International,1,21.0
1554,Projectline,3,0.0
1555,Prologis,1,66.0
1556,Promega Corporation,1,12.0
1557,Prometheus Global Media,1,6.0
1558,Prometheus Laboratories Inc.,4,0.0
1559,Prometrika,1,0.0
1560,"Proneurotech, Inc.",1,0.0
1561,Proofpoint,3,28.0
1562,Proteus Digital Health,6,14.0
1563,ProtonMail,1,0.0
1564,Providence Health & Services,1,1149.0
1565,Prudential,3,2010.0
1566,Public Health Institute,1,26.0
1567,PulsePoint,2,8.0
1568,PureTech Health,3,0.0
1569,PwC,2,5646.5
1570,Qadium,1,0.0
1571,Qeexo,1,0.0
1572,"Quadratic Systems, Inc.",1,0.0
1573,QualStaff Resources,1,17.0
1574,Qualcomm,4,1099.0
1575,"Qualified Technical Services, Inc",2,0.0
1576,Qualtrics,3,16.0
1577,Qualys,1,14.0
1578,Quantcast,3,13.0
1579,Quanteam,1,0.0
1580,Quantifind,1,0.0
1581,Quantium,2,13.0
1582,Quantlab,1,0.0
1583,Quantronix Inc,1,5.0
1584,QuantumBlack,10,0.0
1585,Quartet,1,4.0
1586,"Quentis Therapeutics, Inc",1,0.0
1587,Quest Diagnostics,1,3578.0
1588,Quest Groups LLC,1,0.0
1589,Quidel Corporation,1,27.0
1590,QuintilesIMS,1,1026.0
1591,Quizlet,2,0.0
1592,Qulab Inc.,1,0.0
1593,Quora,19,0.0
1594,R&D Partners,11,4.0
1595,R/GA,3,15.0
1596,RAND Corporation,1,30.0
1597,RBC,2,2763.0
1598,RCG Holdings LLC,1,0.0
1599,REPS & Co.,1,0.0
1600,RMworkforce,1,0.0
1601,ROKT,1,0.0
1602,RTI International,4,208.0
1603,Ra Pharmaceutical,1,0.0
1604,Ra Pharmaceuticals,3,0.0
1605,Radiant Solutions,2,16.0
1606,Raindance Partners Recruiting,1,0.0
1607,Rainforest QA,1,0.0
1608,"Rakuten Aspyrian, Inc.",1,0.0
1609,Rally Health,3,7.0
1610,Rancho BioSciences,1,0.0
1611,Rand Thompson Consultants LLC,1,0.0
1612,Ranker,2,4.0
1613,Rauxa,1,11.0
1614,Raytheon,2,2965.0
1615,Realtime Robotics,1,0.0
1616,Recorded Future,1,0.0
1617,RecruiterDNA,1,0.0
1618,Recruiting Resources,1,0.0
1619,Recruitomics Consulting,4,0.0
1620,Recurly,2,0.0
1621,Redcley,1,0.0
1622,Redfin,4,44.0
1623,Redfish Technology - High Tech Executive Recruiters,8,0.0
1624,Refinery29,1,12.0
1625,Relus Cloud,1,0.0
1626,Remind,2,0.0
1627,Remitly,5,6.0
1628,Rent the Runway,1,64.0
1629,Reorg Research,2,0.0
1630,ResMed,2,78.0
1631,Rescue Agency,1,0.0
1632,"Research Foundation for Mental Hygiene, Inc.",1,0.0
1633,Research Foundation of The City University of New York,1,70.0
1634,Research Now,1,48.0
1635,Resolution Bioscience,2,0.0
1636,Resource Technology Partners,4,0.0
1637,"RetailMeNot, Inc.",2,13.0
1638,Retrophin,2,5.0
1639,Ridgewood Diagnostic Laboratory,1,0.0
1640,"Rincon Consultants, Inc.",3,0.0
1641,Riot Games,5,25.0
1642,Rippleshot,1,0.0
1643,Riverside Research,1,13.0
1644,Robert Half Finance & Accounting,1,143.0
1645,Robert W. Baird,1,43.0
1646,Robert Walters,1,47.0
1647,Roblox,2,8.0
1648,Roche,7,1578.0
1649,RockBridge Search & Recruitment,1,0.0
1650,Rockets of Awesome,1,0.0
1651,Rockstar New York,2,0.0
1652,RootPath Genomics,1,0.0
1653,Ropes & Gray,1,71.0
1654,RoundhouseOne,1,0.0
1655,Rover,7,353.0
1656,Rubius Therapeutics,9,3.0
1657,Rue La La,2,50.0
1658,Rush University Medical Center,8,454.0
1659,Russell Investments,3,57.0
1660,Rutgers University,5,586.0
1661,S&P DOW JONES INDICES,1,605.0
1662,S&P GLOBAL MARKET INTELLIGENCE,3,605.3333333333334
1663,S&P Global,4,605.25
1664,S&P Global Ratings,3,605.6666666666666
1665,S.C. International,4,0.0
1666,SAIC,1,2189.0
1667,SAP,1,1634.0
1668,SAS Institute,1,128.0
1669,SCS Engineers,1,31.0
1670,SD Medical system Inc,1,0.0
1671,SDSU Research Foundation,1,20.0
1672,SEIU United Service Workers West,1,0.0
1673,SEMA4,1,0.0
1674,SENS Research Foundation,1,0.0
1675,SF VA Medical Center,1,0.0
1676,SG Analytics,1,15.0
1677,SGS,1,438.0
1678,SHI International Corp.,1,177.0
1679,"SHIELDS for Families, Inc.",1,48.0
1680,SKA,1,6.0
1681,SKIM,3,0.0
1682,SOLUTE,1,2.0
1683,SPAR Information Systems,1,0.0
1684,"SPINS, LLC",1,0.0
1685,SPK Consultants Inc,1,0.0
1686,SQAD LLC,1,0.0
1687,SRI International,1,96.0
1688,SRS Investment Management,1,0.0
1689,SSC,2,0.0
1690,STRIVR,2,0.0
1691,Sabey Corporation,1,5.0
1692,Sage Therapeutics,5,2.0
1693,Saildrone,1,0.0
1694,SalesLoft,1,7.0
1695,Salesforce,2,382.0
1696,Salient CRGT,2,19.5
1697,Samba TV,3,0.0
1698,Samsung NEXT,1,0.0
1699,Samsung Research America,13,5925.0
1700,"Samumed, LLC",2,0.0
1701,San Diego Community College District,1,30.0
1702,San Francisco Office of the Chief Medical Examiner,1,0.0
1703,Sangamo Therapeutics,3,0.0
1704,Sano,2,0.0
1705,Sanofi,28,2642.1428571428573
1706,Santander Bank,1,2049.0
1707,Santanna Energy Services,1,15.0
1708,Sapient Global Markets,2,39.0
1709,Sarepta Therapeutics,4,9.0
1710,Sartorius,1,16.0
1711,Sartorius Corporation,2,3.0
1712,Sartorius North America,2,0.0
1713,"ScaleFactor, Inc.",1,0.0
1714,Scaleapi,2,0.0
1715,Schireson,9,0.0
1716,Scholar Rock,1,0.0
1717,SciTec,1,0.0
1718,Scienaptic Systems Inc,3,0.0
1719,Science 37,1,0.0
1720,Scientific Research Corporation,4,90.0
1721,Scoop Technologies,1,0.0
1722,Scripps Health Corp,1,668.0
1723,Seaport Global Holdings LLC,1,0.0
1724,"SearchTech Consulting, Inc",1,0.0
1725,Sears Holdings Management Corporation,1,24188.0
1726,Seattle Cancer Care Alliance,2,79.0
1727,Seattle Children’s,6,193.0
1728,"Seattle Genetics, Inc.",1,13.0
1729,Seiu Local 775,1,0.0
1730,Senseye,2,0.0
1731,Sensient Technologies Corporation,1,29.0
1732,Sensoleak,1,0.0
1733,"Sensory, Inc",2,0.0
1734,Sentient Investment Management,2,0.0
1735,"Seres Therapeutics, Inc.",2,0.0
1736,Service Employees International Union,2,2.0
1737,ServiceNow,3,90.0
1738,"Seton Family of Hospitals, TX",1,406.0
1739,Seven Bridges,1,4.0
1740,Shipt,1,180.0
1741,Shire Pharmaceuticals,10,448.0
1742,Shirley Ryan Ability Lab,1,19.0
1743,Showtime,1,15.0
1744,Shutterfly,2,355.0
1745,Shutterstock,1,39.0
1746,Siemens,2,6095.0
1747,Sift Science,5,2.0
1748,SigOpt,2,0.0
1749,"Sigma Systems, Inc.",1,5.0
1750,Signify,5,135.0
1751,Siluria Technologies,1,5.0
1752,SimScale,1,0.0
1753,Simon Data,1,0.0
1754,Simons Foundation,10,4.0
1755,Simple Laboratories,1,0.0
1756,"Simple Mills, Inc.",1,0.0
1757,Sinclair Broadcast Group,1,116.0
1758,Siolta Therapeutics,1,0.0
1759,SiriusXM,3,155.0
1760,"Skadden, Arps, Slate, Meagher & Flom LLP & Affiliates",1,7.0
1761,SkillDemand,1,0.0
1762,Skillz Inc.,2,0.0
1763,"Skoop Analytics, Inc.",1,0.0
1764,Skyhook Wireless,1,0.0
1765,Slack,2,6.0
1766,Slalom Consulting,1,48.0
1767,Slice,1,6.0
1768,Slice Technologies & Unroll.me,2,0.0
1769,Smarkets,3,0.0
1770,SmartPharm Therapeutics,1,0.0
1771,Smartly,1,0.0
1772,Smith Hanley Associates,8,18.0
1773,Snap Inc.,1,4.0
1774,SnapStrat,1,0.0
1775,Social Fulcrum,2,0.0
1776,Socrata,1,5.0
1777,Socure,1,0.0
1778,Sojern,4,0.0
1779,Solid Biosciences,7,0.0
1780,Solidus Technical Solutions,1,0.0
1781,Solomon Page,1,57.0
1782,Solving IT,1,0.0
1783,"SomaLogic, Inc.",1,0.0
1784,"Somalogic, Inc.",1,0.0
1785,Sonic Healthcare USA,1,11.0
1786,Sony Interactive Entertainment PlayStation,3,26.0
1787,Sophia Genetics,1,0.0
1788,Soraa Inc.,1,8.0
1789,Soroco,1,0.0
1790,Sorrento Therapeutics,6,4.0
1791,Sotheby’s,1,5.0
1792,SoundHound Inc.,1,0.0
1793,Source One,1,98.0
1794,Southern California Gas Company,1,86.0
1795,Southwest Research Institute,1,101.0
1796,Sovrn Holdings,1,5.0
1797,SpaceCurve,1,2.0
1798,Spark Foundry,1,9.0
1799,SparkCognition,4,5.0
1800,"Spaulding Hospital–Boston & Cambridge(SRN,SRH,SHC)",1,0.0
1801,Specific Diagnostics,1,0.0
1802,Spectrum Brands,1,228.0
1803,SpinCar,1,0.0
1804,Splunk,4,30.0
1805,SpotHero,2,4.0
1806,Spotify,13,33.0
1807,Springer Nature,3,40.0
1808,Square,6,52.0
1809,Squarespace,3,19.0
1810,Stacey Kostue Consulting,1,0.0
1811,Staffing Advisors,1,3.0
1812,Staffing the Universe,1,12.0
1813,Stantec,2,460.0
1814,Starbucks,1,24869.0
1815,"Starry, Inc.",1,0.0
1816,State Street,10,1920.0
1817,States Title,1,0.0
1818,Stealth Mode Startup Company,1,0.0
1819,Steel Point Solutions,1,0.0
1820,Stem Inc,1,2.0
1821,StepStone Group LP,1,0.0
1822,Stevens Institute of Technology,1,220.0
1823,Stitch Fix,6,145.0
1824,Strategic Employment Partners,2,0.0
1825,Stratos Genomics,1,0.0
1826,Strava,1,0.0
1827,Streamlyne,1,0.0
1828,Streetline,1,5.0
1829,Stride Search,2,0.0
1830,Strike Social,1,2.0
1831,Stroz Friedberg,3,14.0
1832,Stryker,1,1071.0
1833,StubHub,1,124.0
1834,"Summit Technologies, Inc.",3,25.0
1835,Sumo,1,13.0
1836,Sun Chemical Corporation,1,45.0
1837,Sun Life Financial,1,889.0
1838,SunTrust,3,3343.0
1839,Sunrise Systems Inc,1,12.0
1840,Suplari,1,0.0
1841,SurveyMonkey,1,15.0
1842,Suzy,1,0.0
1843,"Swedish Medical Center - Seattle, WA",1,149.0
1844,Sweeten,1,0.0
1845,Symantec,8,950.0
1846,Synchrony Financial,1,519.0
1847,Syndicus Inc,1,0.0
1848,Synechron,1,199.0
1849,Syneos Health (previously INC Research/inVentiv Health),1,480.0
1850,Syneos Health Commercial Solutions,1,378.0
1851,Synergis,1,6.0
1852,Synopsys,5,183.0
1853,System1 Biosciences,1,0.0
1854,Systems Planning and Analysis,1,3.0
1855,T. Rowe Price,1,307.0
1856,"T. White Parker Associates, Incorporated",1,0.0
1857,T3,1,0.0
1858,TARGET,9,33275.0
1859,TBWA\Chiat\Day,1,16.0
1860,TBWA\WorldHealth,1,6.0
1861,TCGplayer,1,0.0
1862,TD Securities,1,108.0
1863,TEXAS DEPARTMENT OF PUBLIC SAFETY,1,231.0
1864,THC Design,1,0.0
1865,TIAA,1,645.0
1866,TINYpulse,1,9.0
1867,TMP Worldwide,1,107.0
1868,TP Therapeutics,1,0.0
1869,TRANZACT,1,26.0
1870,TRC,1,107.0
1871,TSYS,1,477.0
1872,TUFTS University,3,188.0
1873,TVision Insights,2,0.0
1874,Tableau,5,43.0
1875,Taboola,1,3.0
1876,Takeda Pharmaceutical,39,530.0
1877,Talent & Acquisition LLC,5,0.0
1878,Talent Management Solutions,1,0.0
1879,Talent Savant,1,0.0
1880,Tang Capital Management,1,0.0
1881,"Tanvex BioPharma USA,Inc",1,0.0
1882,Tapestry,1,25.0
1883,Tapjoy,2,5.0
1884,TaskRabbit,1,20.0
1885,Taulia,1,3.0
1886,Technica,1,34.0
1887,TechnoGen Inc,1,0.0
1888,Techpros,1,0.0
1889,"TekPartners, A P2P Company",2,42.0
1890,Tellius,1,0.0
1891,Tempus,22,17.0
1892,Tenable,1,17.0
1893,Tendril,1,8.0
1894,Tenor.ai,1,0.0
1895,Tephra Inc,1,0.0
1896,Teracore,1,18.0
1897,Teradata,5,133.0
1898,Terramino Foods,2,0.0
1899,Tesorio,1,0.0
1900,Tessella,1,2.0
1901,Tetra Tech,1,260.0
1902,TetraScience,4,2.0
1903,Textio,5,0.0
1904,Thasos Group,2,0.0
1905,The Aerospace Corporation,1,82.0
1906,The Aspen Institute,1,11.0
1907,The Boston Consulting Group,17,198.0
1908,"The Cadmus Group, Inc.",3,0.0
1909,The Camstoll Group,6,0.0
1910,The Catholic University of America,1,95.0
1911,The Children's Place,1,2828.0
1912,The Climate Corporation,23,11.0
1913,The Clorox Company,1,487.0
1914,The Coca-Cola Company,8,7236.0
1915,The College Board,1,114.0
1916,The Expert Institute,2,0.0
1917,The Future Project,1,7.0
1918,The Goal Inc.,3,0.0
1919,"The Hagan-Ricci Group, Inc.",3,0.0
1920,The Hartford,1,1391.0
1921,The Helmsley Charitable Trust,1,0.0
1922,The Henry M. Jackson Foundation,1,73.0
1923,The Hershey Company,1,694.0
1924,The Hexagon Lavish,4,0.0
1925,The Home Depot,13,35791.07692307692
1926,The Intersect Group,1,29.0
1927,"The Kenjya-Trusant Group, LLC",1,0.0
1928,The Laso Corp,1,0.0
1929,The Marketing Store,2,22.0
1930,The Mice Groups,2,0.0
1931,The NPD Group,1,0.0
1932,The Nerdery,2,5.5
1933,The New School,2,111.0
1934,The New York Times,2,197.0
1935,The Rockefeller University,1,61.0
1936,The Situs Companies,1,17.0
1937,The University of Chicago,16,368.0
1938,The University of Chicago Medicine,1,525.0
1939,The Urban Institute,3,15.0
1940,The Wonderful Company LLC,1,4.0
1941,Theravance Biopharma,1,2.0
1942,Thermo Fisher Scientific,16,1878.1875
1943,ThirdLove,1,16.0
1944,Thomas Publishing Company LLC,1,5.0
1945,Thomson Reuters,1,2870.0
1946,Thor Life Sciences,1,0.0
1947,ThoughtSpot,2,0.0
1948,ThoughtWorks,4,59.0
1949,Thumbtack,1,36.0
1950,TiVo,1,57.0
1951,Tier1 IT,1,0.0
1952,Tigroup,1,2.0
1953,Tilting Point,1,0.0
1954,Tonal,3,0.0
1955,"Topcon Medical Systems, Inc.",1,0.0
1956,Torani,1,5.0
1957,Total Systems Technologies Corporation,1,0.0
1958,Townsquare Media,1,152.0
1959,Trader Interactive,1,0.0
1960,Trading Technologies,1,11.0
1961,TransFair USA,1,0.0
1962,TransUnion,3,173.0
1963,Transcriptic,2,2.0
1964,Transdev,1,921.0
1965,Transfix.io,1,0.0
1966,"Transworld Systems, Inc. (TSI)",1,0.0
1967,Tremor,3,0.0
1968,Tremor Video DSP,1,2.0
1969,Trialspark,1,0.0
1970,"Tricida, Inc.",1,0.0
1971,Trifacta,1,2.0
1972,Trimble Inc.,1,132.0
1973,Trinamix Inc.,1,0.0
1974,"Trinity Global Consulting, LLC",1,0.0
1975,TripleLift,2,0.0
1976,True Fit,1,0.0
1977,TrueFacet,1,0.0
1978,TrueMotion,5,0.0
1979,Trulia,2,51.0
1980,Trunk Club,3,85.0
1981,Tubi TV,1,0.0
1982,Tubular Labs,1,0.0
1983,Turner,2,375.0
1984,"Turnitin, LLC",1,0.0
1985,Tusimple,1,0.0
1986,Twentieth Television,1,5.0
1987,Twist Bioscience,6,0.0
1988,Twitch,6,35.0
1989,Twitter,19,56.0
1990,"Two Sigma Investments, LLC.",8,7.0
1991,Tyemill,1,0.0
1992,"Tygart Technology, Inc.",1,0.0
1993,U.S. Bank,2,5416.0
1994,U.S. Federal Government,6,483.3333333333333
1995,UBS,3,1574.0
1996,UC San Diego,11,654.0
1997,UCAR,2,20.0
1998,UCB,1,206.0
1999,UCB S.A.,1,206.0
2000,UCLA,3,494.0
2001,UCLA David Geffen School of Medicine,1,16.0
2002,UHY LLP,1,25.0
2003,UNICEF,1,441.0
2004,UNTUCKit,1,9.0
2005,US Agency for International Development,1,12.0
2006,US Cellular,1,1504.0
2007,US Foods,3,1909.0
2008,USC,13,545.0
2009,UST Global Inc.,1,653.0
2010,Uber,23,495.6521739130435
2011,Ubisoft,2,160.0
2012,UiPath,1,0.0
2013,Ultimate Software,2,183.0
2014,"UltraBio Technologies, Inc",1,0.0
2015,Ultragenyx Pharmaceutical,4,5.0
2016,Unchained Labs,1,0.0
2017,Under Armour,2,582.0
2018,UniBit Inc.,1,0.0
2019,Unicon Pharma,1,0.0
2020,Union Bank,1,892.0
2021,UnionBank,1,12.0
2022,Unisys,1,1838.0
2023,United Airlines Inc.,1,2166.0
2024,United Nations Development Programme (UNDP),1,337.0
2025,United States Soccer Federation,1,76.0
2026,United Way,1,1365.0
2027,UnitedHealth Group,8,12169.625
2028,Unity Technologies,1,12.0
2029,Universities Space Research Association,4,10.0
2030,University of California Berkeley,8,241.0
2031,University of California San Francisco,13,269.0
2032,University of California San Francisco Medical Center,1,285.0
2033,University of Chicago,1,368.0
2034,University of Colorado,12,718.0
2035,University of Colorado Boulder,1,718.0
2036,University of Illinois at Chicago,2,495.0
2037,University of San Diego,1,69.0
2038,University of San Francisco,1,110.0
2039,University of Texas at Austin,23,772.0
2040,University of Washington,39,838.0
2041,Unum Therapeutics,4,0.0
2042,Upgrade,1,4.0
2043,Upstart,4,6.0
2044,Uptake,3,6.0
2045,Uptown Treehouse,1,0.0
2046,Upwork,1,756.0
2047,UserTesting,2,21.0
2048,Usermind,1,0.0
2049,UtopiaCompression Corporation,1,0.0
2050,VHB,2,22.0
2051,VIA Technical,1,0.0
2052,VIE HIRE,2,0.0
2053,VIR,1,0.0
2054,VISITING NURSE SERVICE OF NEW YORK,2,210.0
2055,"VISUAL SOFT, INC",1,0.0
2056,VMware,1,598.0
2057,VTS3,1,0.0
2058,Valassis Digital,2,0.0
2059,Valkyrie Intelligence,1,0.0
2060,Vanda Pharmaceuticals Inc.,2,0.0
2061,Varstaff,2,2.0
2062,Vaxess Technologies,1,0.0
2063,Velocity,1,0.0
2064,Venmo,1,3.0
2065,Vera Institute of Justice,3,4.0
2066,Verastem,1,0.0
2067,Verisk Analytics,2,94.0
2068,Verisk Maplecroft,1,0.0
2069,Verizon,2,19883.0
2070,Verra Mobility,1,28.0
2071,Versive,1,0.0
2072,Vertex,21,240.0
2073,Vertex Pharmaceuticals,22,179.0
2074,Verve,1,0.0
2075,Vettery,1,0.0
2076,Via,5,12.0
2077,ViaSat,3,168.0
2078,Viacom,2,459.0
2079,Vichara,1,0.0
2080,Vida,1,8.0
2081,Vidora,2,0.0
2082,"ViewRay, Inc.",2,0.0
2083,Viome,3,0.0
2084,ViralGains Inc.,1,0.0
2085,Virgin Hyperloop One,2,0.0
2086,Visa,5,605.2
2087,VitroLabs Inc,3,0.0
2088,Vituity,1,9.0
2089,Volunteers of America Los Angeles,1,1674.0
2090,Voluntis,1,0.0
2091,Voxelcloud,3,0.0
2092,Voya Financial,1,168.0
2093,Vulcan Inc.,1,8.0
2094,Vungle,1,4.0
2095,WHOOP,1,0.0
2096,Wachsman,1,0.0
2097,Wade & Wendy,1,0.0
2098,Walker Medical Solutions,1,0.0
2099,Walker Sands Communications,1,0.0
2100,Walmart,5,148095.6
2101,Walmart eCommerce,45,141.0
2102,Washington Metropolitan Area Transit Authority,1,154.0
2103,Washington State Patrol,1,197.0
2104,Wayfair,22,344.0
2105,Waymo,3,4.0
2106,WeWork Global Technology,2,0.0
2107,Wealthfront,1,0.0
2108,Weaver Consultants Group,2,3.0
2109,Weber Shandwick,2,101.0
2110,Weight Watchers International,2,332.0
2111,Weill Cornell Medicine,10,456.0
2112,Wells Fargo,1,27992.0
2113,WestCoast Children's Clinic,1,10.0
2114,WestRock,1,1301.0
2115,Westfield Corporation,1,34.0
2116,Westwood One,1,25.0
2117,WhereTo,1,0.0
2118,White Bay Group,1,0.0
2119,Whitehead Institute,1,0.0
2120,Whiterabbit.ai,1,0.0
2121,Whiz Finder Corporation,2,0.0
2122,Wholefoods,1,6557.0
2123,Wild Type,1,0.0
2124,Will-N-Able,1,0.0
2125,William Blair & Company,2,9.0
2126,"Williams-Sonoma, Inc.",5,1578.0
2127,WinterWyman,2,30.0
2128,Wipro Limited,1,11133.0
2129,Wish,6,14.0
2130,"Wiss, Janney, Elstner Associates",1,0.0
2131,Wittaff Inc.,1,0.0
2132,Wittenberg Weiner Consulting LLC,1,0.0
2133,Wix,1,17.0
2134,Woebot,1,0.0
2135,Wolverine Trading,1,10.0
2136,Wonderschool,1,0.0
2137,Wood,5,899.0
2138,Woodland Park Zoo,1,36.0
2139,"Woodlyn Partners, Inc.",1,0.0
2140,Workbridge Associates,17,40.0
2141,Workers' Compensation Insurance Rating Bureau of California (WCIRB),1,0.0
2142,World Business Chicago,1,0.0
2143,World Resources Institute,1,19.0
2144,World Wildlife Fund,1,59.0
2145,Wunderman,8,194.625
2146,Wuxi AppTec,4,83.0
2147,X4 Pharmaceuticals,1,0.0
2148,XL Catlin,1,73.0
2149,XPO Logistics,1,3237.0
2150,Xaxis,3,11.0
2151,Xencor,3,0.0
2152,"Xpect SVC, LLC",1,0.0
2153,Xpert Staffing,1,0.0
2154,Xylem,4,257.0
2155,YIWEI Medical Inc.,1,0.0
2156,YapStone,1,29.0
2157,Year Up,1,106.0
2158,Yelp,2,308.0
2159,Yodlee,1,59.0
2160,YourMechanic,1,4.0
2161,Yumanity,1,0.0
2162,Z FEDERAL,1,0.0
2163,Z Gallerie,1,121.0
2164,ZX Ventures,3,0.0
2165,ZapLabs LLC,2,0.0
2166,Zebit,1,0.0
2167,Zelis Healthcare,1,21.0
2168,"Zendrive, Inc.",2,0.0
2169,ZestFinance,10,3.0
2170,Zillow,10,70.0
2171,Zillow Group,26,70.0
2172,Zingbox,1,0.0
2173,Zipcar,1,47.0
2174,Zoetis,1,110.0
2175,Zoomdata,2,3.0
2176,Zoosk,1,10.0
2177,Zume Inc.,1,0.0
2178,Zylotech,2,0.0
2179,Zymergen,6,4.0
2180,Zynga,2,77.0
2181,[m]Platform,1,92.0
2182,aven pharma & tech llc,1,0.0
2183,bluebird bio,12,2.0
2184,dbHMS,1,3.0
2185,e.biT Consulting,1,0.0
2186,eBay Inc.,2,1443.0
2187,eGenesis,2,0.0
2188,"eHire, LLC",1,0.0
2189,ePrize,1,5.0
2190,ecoATM LLC,1,0.0
2191,edX,1,5.0
2192,envisionit,1,0.0
2193,eviCore healthcare,1,222.0
2194,exp,1,54.0
2195,fractalanalytics,3,0.0
2196,h2o.ai,7,0.0
2197,"iHeartMedia, Inc.",1,1047.0
2198,iRhythm,3,13.0
2199,insitro.com,2,0.0
2200,letgo,1,0.0
2201,lululemon athletica,1,382.0
2202,openwater (openwater.cc),2,0.0
2203,permIT LLC,1,0.0
2204,raag solutions,1,0.0
2205,thoughtmatrix,1,0.0
2206,thredUP Inc,2,20.0
2207,true[x],1,0.0
2208,uBiome,1,0.0
2209,xentity corporation,5,2.0
2210,zulily,7,339.0
2211,Øptimus Consulting,1,0.0
2212,쿠팡,2,0.0
